DATAFLOW,LAST UPDATE,freq,s_adj,age,unit,sex,geo,TIME_PERIOD,OBS_VALUE,OBS_FLAG,CONF_STATUS
ESTAT:UNE_RT_M(1.0),02/12/25 11:00:00,Monthly,"Seasonally adjusted data, not calendar adjusted data",Total,Percentage of population in the labour force,Total,Euro area – 20 countries (from 2023),2004-01,9.4,,
ESTAT:UNE_RT_M(1.0),02/12/25 11:00:00,Monthly,"Seasonally adjusted data, not calendar adjusted data",Total,Percentage of population in the labour force,Total,Euro area – 20 countries (from 2023),2004-02,9.4,,
ESTAT:UNE_RT_M(1.0),02/12/25 11:00:00,Monthly,"Seasonally adjusted data, not calendar adjusted data",Total,Percentage of population in the labour force,Total,Euro area – 20 countries (from 2023),2004-03,9.4,,
ESTAT:UNE_RT_M(1.0),02/12/25 11:00:00,Monthly,"Seasonally adjusted data, not calendar adjusted data",Total,Percentage of population in the labour force,Total,Euro area – 20 countries (from 2023),2004-04,9.4,,
ESTAT:UNE_RT_M(1.0),02/12/25 11:00:00,Monthly,"Seasonally adjusted data, not calendar adjusted data",Total,Percentage of population in the labour force,Total,Euro area – 20 countries (from 2023),2004-05,9.4,,
ESTAT:UNE_RT_M(1.0),02/12/25 11:00:00,Monthly,"Seasonally adjusted data, not calendar adjusted data",Total,Percentage of population in the labour force,Total,Euro area – 20 countries (from 2023),2004-06,9.4,,
ESTAT:UNE_RT_M(1.0),02/12/25 11:00:00,Monthly,"Seasonally adjusted data, not calendar adjusted data",Total,Percentage of population in the labour force,Total,Euro area – 20 countries (from 2023),2004-07,9.4,,
ESTAT:UNE_RT_M(1.0),02/12/25 11:00:00,Monthly,"Seasonally adjusted data, not calendar adjusted data",Total,Percentage of population in the labour force,Total,Euro area – 20 countries (from 2023),2004-08,9.4,,
ESTAT:UNE_RT_M(1.0),02/12/25 11:00:00,Monthly,"Seasonally adjusted data, not calendar adjusted data",Total,Percentage of population in the labour force,Total,Euro area – 20 countries (from 2023),2004-09,9.4,,
ESTAT:UNE_RT_M(1.0),02/12/25 11:00:00,Monthly,"Seasonally adjusted data, not calendar adjusted data",Total,Percentage of population in the labour force,Total,Euro area – 20 countries (from 2023),2004-10,9.4,,
ESTAT:UNE_RT_M(1.0),02/12/25 11:00:00,Monthly,"Seasonally adjusted data, not calendar adjusted data",Total,Percentage of population in the labour force,Total,Euro area – 20 countries (from 2023),2004-11,9.4,,
ESTAT:UNE_RT_M(1.0),02/12/25 11:00:00,Monthly,"Seasonally adjusted data, not calendar adjusted data",Total,Percentage of population in the labour force,Total,Euro area – 20 countries (from 2023),2004-12,9.4,,
ESTAT:UNE_RT_M(1.0),02/12/25 11:00:00,Monthly,"Seasonally adjusted data, not calendar adjusted data",Total,Percentage of population in the labour force,Total,Euro area – 20 countries (from 2023),2005-01,9.3,,
ESTAT:UNE_RT_M(1.0),02/12/25 11:00:00,Monthly,"Seasonally adjusted data, not calendar adjusted data",Total,Percentage of population in the labour force,Total,Euro area – 20 countries (from 2023),2005-02,9.3,,
ESTAT:UNE_RT_M(1.0),02/12/25 11:00:00,Monthly,"Seasonally adjusted data, not calendar adjusted data",Total,Percentage of population in the labour force,Total,Euro area – 20 countries (from 2023),2005-03,9.3,,
ESTAT:UNE_RT_M(1.0),02/12/25 11:00:00,Monthly,"Seasonally adjusted data, not calendar adjusted data",Total,Percentage of population in the labour force,Total,Euro area – 20 countries (from 2023),2005-04,9.4,,
ESTAT:UNE_RT_M(1.0),02/12/25 11:00:00,Monthly,"Seasonally adjusted data, not calendar adjusted data",Total,Percentage of population in the labour force,Total,Euro area – 20 countries (from 2023),2005-05,9.3,,
ESTAT:UNE_RT_M(1.0),02/12/25 11:00:00,Monthly,"Seasonally adjusted data, not calendar adjusted data",Total,Percentage of population in the labour force,Total,Euro area – 20 countries (from 2023),2005-06,9.3,,
ESTAT:UNE_RT_M(1.0),02/12/25 11:00:00,Monthly,"Seasonally adjusted data, not calendar adjusted data",Total,Percentage of population in the labour force,Total,Euro area – 20 countries (from 2023),2005-07,9.2,,
ESTAT:UNE_RT_M(1.0),02/12/25 11:00:00,Monthly,"Seasonally adjusted data, not calendar adjusted data",Total,Percentage of population in the labour force,Total,Euro area – 20 countries (from 2023),2005-08,9.2,,
ESTAT:UNE_RT_M(1.0),02/12/25 11:00:00,Monthly,"Seasonally adjusted data, not calendar adjusted data",Total,Percentage of population in the labour force,Total,Euro area – 20 countries (from 2023),2005-09,9.2,,
ESTAT:UNE_RT_M(1.0),02/12/25 11:00:00,Monthly,"Seasonally adjusted data, not calendar adjusted data",Total,Percentage of population in the labour force,Total,Euro area – 20 countries (from 2023),2005-10,9.2,,
ESTAT:UNE_RT_M(1.0),02/12/25 11:00:00,Monthly,"Seasonally adjusted data, not calendar adjusted data",Total,Percentage of population in the labour force,Total,Euro area – 20 countries (from 2023),2005-11,9.1,,
ESTAT:UNE_RT_M(1.0),02/12/25 11:00:00,Monthly,"Seasonally adjusted data, not calendar adjusted data",Total,Percentage of population in the labour force,Total,Euro area – 20 countries (from 2023),2005-12,9.1,,
ESTAT:UNE_RT_M(1.0),02/12/25 11:00:00,Monthly,"Seasonally adjusted data, not calendar adjusted data",Total,Percentage of population in the labour force,Total,Euro area – 20 countries (from 2023),2006-01,9.0,,
ESTAT:UNE_RT_M(1.0),02/12/25 11:00:00,Monthly,"Seasonally adjusted data, not calendar adjusted data",Total,Percentage of population in the labour force,Total,Euro area – 20 countries (from 2023),2006-02,8.9,,
ESTAT:UNE_RT_M(1.0),02/12/25 11:00:00,Monthly,"Seasonally adjusted data, not calendar adjusted data",Total,Percentage of population in the labour force,Total,Euro area – 20 countries (from 2023),2006-03,8.8,,
ESTAT:UNE_RT_M(1.0),02/12/25 11:00:00,Monthly,"Seasonally adjusted data, not calendar adjusted data",Total,Percentage of population in the labour force,Total,Euro area – 20 countries (from 2023),2006-04,8.7,,
ESTAT:UNE_RT_M(1.0),02/12/25 11:00:00,Monthly,"Seasonally adjusted data, not calendar adjusted data",Total,Percentage of population in the labour force,Total,Euro area – 20 countries (from 2023),2006-05,8.6,,
ESTAT:UNE_RT_M(1.0),02/12/25 11:00:00,Monthly,"Seasonally adjusted data, not calendar adjusted data",Total,Percentage of population in the labour force,Total,Euro area – 20 countries (from 2023),2006-06,8.5,,
ESTAT:UNE_RT_M(1.0),02/12/25 11:00:00,Monthly,"Seasonally adjusted data, not calendar adjusted data",Total,Percentage of population in the labour force,Total,Euro area – 20 countries (from 2023),2006-07,8.4,,
ESTAT:UNE_RT_M(1.0),02/12/25 11:00:00,Monthly,"Seasonally adjusted data, not calendar adjusted data",Total,Percentage of population in the labour force,Total,Euro area – 20 countries (from 2023),2006-08,8.4,,
ESTAT:UNE_RT_M(1.0),02/12/25 11:00:00,Monthly,"Seasonally adjusted data, not calendar adjusted data",Total,Percentage of population in the labour force,Total,Euro area – 20 countries (from 2023),2006-09,8.3,,
ESTAT:UNE_RT_M(1.0),02/12/25 11:00:00,Monthly,"Seasonally adjusted data, not calendar adjusted data",Total,Percentage of population in the labour force,Total,Euro area – 20 countries (from 2023),2006-10,8.2,,
ESTAT:UNE_RT_M(1.0),02/12/25 11:00:00,Monthly,"Seasonally adjusted data, not calendar adjusted data",Total,Percentage of population in the labour force,Total,Euro area – 20 countries (from 2023),2006-11,8.2,,
ESTAT:UNE_RT_M(1.0),02/12/25 11:00:00,Monthly,"Seasonally adjusted data, not calendar adjusted data",Total,Percentage of population in the labour force,Total,Euro area – 20 countries (from 2023),2006-12,8.1,,
ESTAT:UNE_RT_M(1.0),02/12/25 11:00:00,Monthly,"Seasonally adjusted data, not calendar adjusted data",Total,Percentage of population in the labour force,Total,Euro area – 20 countries (from 2023),2007-01,8.0,,
ESTAT:UNE_RT_M(1.0),02/12/25 11:00:00,Monthly,"Seasonally adjusted data, not calendar adjusted data",Total,Percentage of population in the labour force,Total,Euro area – 20 countries (from 2023),2007-02,7.9,,
ESTAT:UNE_RT_M(1.0),02/12/25 11:00:00,Monthly,"Seasonally adjusted data, not calendar adjusted data",Total,Percentage of population in the labour force,Total,Euro area – 20 countries (from 2023),2007-03,7.8,,
ESTAT:UNE_RT_M(1.0),02/12/25 11:00:00,Monthly,"Seasonally adjusted data, not calendar adjusted data",Total,Percentage of population in the labour force,Total,Euro area – 20 countries (from 2023),2007-04,7.7,,
ESTAT:UNE_RT_M(1.0),02/12/25 11:00:00,Monthly,"Seasonally adjusted data, not calendar adjusted data",Total,Percentage of population in the labour force,Total,Euro area – 20 countries (from 2023),2007-05,7.7,,
ESTAT:UNE_RT_M(1.0),02/12/25 11:00:00,Monthly,"Seasonally adjusted data, not calendar adjusted data",Total,Percentage of population in the labour force,Total,Euro area – 20 countries (from 2023),2007-06,7.6,,
ESTAT:UNE_RT_M(1.0),02/12/25 11:00:00,Monthly,"Seasonally adjusted data, not calendar adjusted data",Total,Percentage of population in the labour force,Total,Euro area – 20 countries (from 2023),2007-07,7.6,,
ESTAT:UNE_RT_M(1.0),02/12/25 11:00:00,Monthly,"Seasonally adjusted data, not calendar adjusted data",Total,Percentage of population in the labour force,Total,Euro area – 20 countries (from 2023),2007-08,7.6,,
ESTAT:UNE_RT_M(1.0),02/12/25 11:00:00,Monthly,"Seasonally adjusted data, not calendar adjusted data",Total,Percentage of population in the labour force,Total,Euro area – 20 countries (from 2023),2007-09,7.5,,
ESTAT:UNE_RT_M(1.0),02/12/25 11:00:00,Monthly,"Seasonally adjusted data, not calendar adjusted data",Total,Percentage of population in the labour force,Total,Euro area – 20 countries (from 2023),2007-10,7.5,,
ESTAT:UNE_RT_M(1.0),02/12/25 11:00:00,Monthly,"Seasonally adjusted data, not calendar adjusted data",Total,Percentage of population in the labour force,Total,Euro area – 20 countries (from 2023),2007-11,7.4,,
ESTAT:UNE_RT_M(1.0),02/12/25 11:00:00,Monthly,"Seasonally adjusted data, not calendar adjusted data",Total,Percentage of population in the labour force,Total,Euro area – 20 countries (from 2023),2007-12,7.5,,
ESTAT:UNE_RT_M(1.0),02/12/25 11:00:00,Monthly,"Seasonally adjusted data, not calendar adjusted data",Total,Percentage of population in the labour force,Total,Euro area – 20 countries (from 2023),2008-01,7.4,,
ESTAT:UNE_RT_M(1.0),02/12/25 11:00:00,Monthly,"Seasonally adjusted data, not calendar adjusted data",Total,Percentage of population in the labour force,Total,Euro area – 20 countries (from 2023),2008-02,7.4,,
ESTAT:UNE_RT_M(1.0),02/12/25 11:00:00,Monthly,"Seasonally adjusted data, not calendar adjusted data",Total,Percentage of population in the labour force,Total,Euro area – 20 countries (from 2023),2008-03,7.4,,
ESTAT:UNE_RT_M(1.0),02/12/25 11:00:00,Monthly,"Seasonally adjusted data, not calendar adjusted data",Total,Percentage of population in the labour force,Total,Euro area – 20 countries (from 2023),2008-04,7.5,,
ESTAT:UNE_RT_M(1.0),02/12/25 11:00:00,Monthly,"Seasonally adjusted data, not calendar adjusted data",Total,Percentage of population in the labour force,Total,Euro area – 20 countries (from 2023),2008-05,7.5,,
ESTAT:UNE_RT_M(1.0),02/12/25 11:00:00,Monthly,"Seasonally adjusted data, not calendar adjusted data",Total,Percentage of population in the labour force,Total,Euro area – 20 countries (from 2023),2008-06,7.6,,
ESTAT:UNE_RT_M(1.0),02/12/25 11:00:00,Monthly,"Seasonally adjusted data, not calendar adjusted data",Total,Percentage of population in the labour force,Total,Euro area – 20 countries (from 2023),2008-07,7.6,,
ESTAT:UNE_RT_M(1.0),02/12/25 11:00:00,Monthly,"Seasonally adjusted data, not calendar adjusted data",Total,Percentage of population in the labour force,Total,Euro area – 20 countries (from 2023),2008-08,7.7,,
ESTAT:UNE_RT_M(1.0),02/12/25 11:00:00,Monthly,"Seasonally adjusted data, not calendar adjusted data",Total,Percentage of population in the labour force,Total,Euro area – 20 countries (from 2023),2008-09,7.8,,
ESTAT:UNE_RT_M(1.0),02/12/25 11:00:00,Monthly,"Seasonally adjusted data, not calendar adjusted data",Total,Percentage of population in the labour force,Total,Euro area – 20 countries (from 2023),2008-10,7.9,,
ESTAT:UNE_RT_M(1.0),02/12/25 11:00:00,Monthly,"Seasonally adjusted data, not calendar adjusted data",Total,Percentage of population in the labour force,Total,Euro area – 20 countries (from 2023),2008-11,8.1,,
ESTAT:UNE_RT_M(1.0),02/12/25 11:00:00,Monthly,"Seasonally adjusted data, not calendar adjusted data",Total,Percentage of population in the labour force,Total,Euro area – 20 countries (from 2023),2008-12,8.4,,
ESTAT:UNE_RT_M(1.0),02/12/25 11:00:00,Monthly,"Seasonally adjusted data, not calendar adjusted data",Total,Percentage of population in the labour force,Total,Euro area – 20 countries (from 2023),2009-01,8.8,,
ESTAT:UNE_RT_M(1.0),02/12/25 11:00:00,Monthly,"Seasonally adjusted data, not calendar adjusted data",Total,Percentage of population in the labour force,Total,Euro area – 20 countries (from 2023),2009-02,9.1,,
ESTAT:UNE_RT_M(1.0),02/12/25 11:00:00,Monthly,"Seasonally adjusted data, not calendar adjusted data",Total,Percentage of population in the labour force,Total,Euro area – 20 countries (from 2023),2009-03,9.4,,
ESTAT:UNE_RT_M(1.0),02/12/25 11:00:00,Monthly,"Seasonally adjusted data, not calendar adjusted data",Total,Percentage of population in the labour force,Total,Euro area – 20 countries (from 2023),2009-04,9.5,,
ESTAT:UNE_RT_M(1.0),02/12/25 11:00:00,Monthly,"Seasonally adjusted data, not calendar adjusted data",Total,Percentage of population in the labour force,Total,Euro area – 20 countries (from 2023),2009-05,9.6,,
ESTAT:UNE_RT_M(1.0),02/12/25 11:00:00,Monthly,"Seasonally adjusted data, not calendar adjusted data",Total,Percentage of population in the labour force,Total,Euro area – 20 countries (from 2023),2009-06,9.7,,
ESTAT:UNE_RT_M(1.0),02/12/25 11:00:00,Monthly,"Seasonally adjusted data, not calendar adjusted data",Total,Percentage of population in the labour force,Total,Euro area – 20 countries (from 2023),2009-07,9.8,,
ESTAT:UNE_RT_M(1.0),02/12/25 11:00:00,Monthly,"Seasonally adjusted data, not calendar adjusted data",Total,Percentage of population in the labour force,Total,Euro area – 20 countries (from 2023),2009-08,9.9,,
ESTAT:UNE_RT_M(1.0),02/12/25 11:00:00,Monthly,"Seasonally adjusted data, not calendar adjusted data",Total,Percentage of population in the labour force,Total,Euro area – 20 countries (from 2023),2009-09,10.0,,
ESTAT:UNE_RT_M(1.0),02/12/25 11:00:00,Monthly,"Seasonally adjusted data, not calendar adjusted data",Total,Percentage of population in the labour force,Total,Euro area – 20 countries (from 2023),2009-10,10.1,,
ESTAT:UNE_RT_M(1.0),02/12/25 11:00:00,Monthly,"Seasonally adjusted data, not calendar adjusted data",Total,Percentage of population in the labour force,Total,Euro area – 20 countries (from 2023),2009-11,10.2,,
ESTAT:UNE_RT_M(1.0),02/12/25 11:00:00,Monthly,"Seasonally adjusted data, not calendar adjusted data",Total,Percentage of population in the labour force,Total,Euro area – 20 countries (from 2023),2009-12,10.2,,
ESTAT:UNE_RT_M(1.0),02/12/25 11:00:00,Monthly,"Seasonally adjusted data, not calendar adjusted data",Total,Percentage of population in the labour force,Total,Euro area – 20 countries (from 2023),2010-01,10.3,,
ESTAT:UNE_RT_M(1.0),02/12/25 11:00:00,Monthly,"Seasonally adjusted data, not calendar adjusted data",Total,Percentage of population in the labour force,Total,Euro area – 20 countries (from 2023),2010-02,10.3,,
ESTAT:UNE_RT_M(1.0),02/12/25 11:00:00,Monthly,"Seasonally adjusted data, not calendar adjusted data",Total,Percentage of population in the labour force,Total,Euro area – 20 countries (from 2023),2010-03,10.3,,
ESTAT:UNE_RT_M(1.0),02/12/25 11:00:00,Monthly,"Seasonally adjusted data, not calendar adjusted data",Total,Percentage of population in the labour force,Total,Euro area – 20 countries (from 2023),2010-04,10.4,,
ESTAT:UNE_RT_M(1.0),02/12/25 11:00:00,Monthly,"Seasonally adjusted data, not calendar adjusted data",Total,Percentage of population in the labour force,Total,Euro area – 20 countries (from 2023),2010-05,10.4,,
ESTAT:UNE_RT_M(1.0),02/12/25 11:00:00,Monthly,"Seasonally adjusted data, not calendar adjusted data",Total,Percentage of population in the labour force,Total,Euro area – 20 countries (from 2023),2010-06,10.3,,
ESTAT:UNE_RT_M(1.0),02/12/25 11:00:00,Monthly,"Seasonally adjusted data, not calendar adjusted data",Total,Percentage of population in the labour force,Total,Euro area – 20 countries (from 2023),2010-07,10.3,,
ESTAT:UNE_RT_M(1.0),02/12/25 11:00:00,Monthly,"Seasonally adjusted data, not calendar adjusted data",Total,Percentage of population in the labour force,Total,Euro area – 20 countries (from 2023),2010-08,10.2,,
ESTAT:UNE_RT_M(1.0),02/12/25 11:00:00,Monthly,"Seasonally adjusted data, not calendar adjusted data",Total,Percentage of population in the labour force,Total,Euro area – 20 countries (from 2023),2010-09,10.2,,
ESTAT:UNE_RT_M(1.0),02/12/25 11:00:00,Monthly,"Seasonally adjusted data, not calendar adjusted data",Total,Percentage of population in the labour force,Total,Euro area – 20 countries (from 2023),2010-10,10.3,,
ESTAT:UNE_RT_M(1.0),02/12/25 11:00:00,Monthly,"Seasonally adjusted data, not calendar adjusted data",Total,Percentage of population in the labour force,Total,Euro area – 20 countries (from 2023),2010-11,10.2,,
ESTAT:UNE_RT_M(1.0),02/12/25 11:00:00,Monthly,"Seasonally adjusted data, not calendar adjusted data",Total,Percentage of population in the labour force,Total,Euro area – 20 countries (from 2023),2010-12,10.2,,
ESTAT:UNE_RT_M(1.0),02/12/25 11:00:00,Monthly,"Seasonally adjusted data, not calendar adjusted data",Total,Percentage of population in the labour force,Total,Euro area – 20 countries (from 2023),2011-01,10.1,,
ESTAT:UNE_RT_M(1.0),02/12/25 11:00:00,Monthly,"Seasonally adjusted data, not calendar adjusted data",Total,Percentage of population in the labour force,Total,Euro area – 20 countries (from 2023),2011-02,10.1,,
ESTAT:UNE_RT_M(1.0),02/12/25 11:00:00,Monthly,"Seasonally adjusted data, not calendar adjusted data",Total,Percentage of population in the labour force,Total,Euro area – 20 countries (from 2023),2011-03,10.1,,
ESTAT:UNE_RT_M(1.0),02/12/25 11:00:00,Monthly,"Seasonally adjusted data, not calendar adjusted data",Total,Percentage of population in the labour force,Total,Euro area – 20 countries (from 2023),2011-04,10.0,,
ESTAT:UNE_RT_M(1.0),02/12/25 11:00:00,Monthly,"Seasonally adjusted data, not calendar adjusted data",Total,Percentage of population in the labour force,Total,Euro area – 20 countries (from 2023),2011-05,10.1,,
ESTAT:UNE_RT_M(1.0),02/12/25 11:00:00,Monthly,"Seasonally adjusted data, not calendar adjusted data",Total,Percentage of population in the labour force,Total,Euro area – 20 countries (from 2023),2011-06,10.1,,
ESTAT:UNE_RT_M(1.0),02/12/25 11:00:00,Monthly,"Seasonally adjusted data, not calendar adjusted data",Total,Percentage of population in the labour force,Total,Euro area – 20 countries (from 2023),2011-07,10.2,,
ESTAT:UNE_RT_M(1.0),02/12/25 11:00:00,Monthly,"Seasonally adjusted data, not calendar adjusted data",Total,Percentage of population in the labour force,Total,Euro area – 20 countries (from 2023),2011-08,10.3,,
ESTAT:UNE_RT_M(1.0),02/12/25 11:00:00,Monthly,"Seasonally adjusted data, not calendar adjusted data",Total,Percentage of population in the labour force,Total,Euro area – 20 countries (from 2023),2011-09,10.5,,
ESTAT:UNE_RT_M(1.0),02/12/25 11:00:00,Monthly,"Seasonally adjusted data, not calendar adjusted data",Total,Percentage of population in the labour force,Total,Euro area – 20 countries (from 2023),2011-10,10.6,,
ESTAT:UNE_RT_M(1.0),02/12/25 11:00:00,Monthly,"Seasonally adjusted data, not calendar adjusted data",Total,Percentage of population in the labour force,Total,Euro area – 20 countries (from 2023),2011-11,10.7,,
ESTAT:UNE_RT_M(1.0),02/12/25 11:00:00,Monthly,"Seasonally adjusted data, not calendar adjusted data",Total,Percentage of population in the labour force,Total,Euro area – 20 countries (from 2023),2011-12,10.8,,
ESTAT:UNE_RT_M(1.0),02/12/25 11:00:00,Monthly,"Seasonally adjusted data, not calendar adjusted data",Total,Percentage of population in the labour force,Total,Euro area – 20 countries (from 2023),2012-01,10.9,,
ESTAT:UNE_RT_M(1.0),02/12/25 11:00:00,Monthly,"Seasonally adjusted data, not calendar adjusted data",Total,Percentage of population in the labour force,Total,Euro area – 20 countries (from 2023),2012-02,11.0,,
ESTAT:UNE_RT_M(1.0),02/12/25 11:00:00,Monthly,"Seasonally adjusted data, not calendar adjusted data",Total,Percentage of population in the labour force,Total,Euro area – 20 countries (from 2023),2012-03,11.2,,
ESTAT:UNE_RT_M(1.0),02/12/25 11:00:00,Monthly,"Seasonally adjusted data, not calendar adjusted data",Total,Percentage of population in the labour force,Total,Euro area – 20 countries (from 2023),2012-04,11.3,,
ESTAT:UNE_RT_M(1.0),02/12/25 11:00:00,Monthly,"Seasonally adjusted data, not calendar adjusted data",Total,Percentage of population in the labour force,Total,Euro area – 20 countries (from 2023),2012-05,11.4,,
ESTAT:UNE_RT_M(1.0),02/12/25 11:00:00,Monthly,"Seasonally adjusted data, not calendar adjusted data",Total,Percentage of population in the labour force,Total,Euro area – 20 countries (from 2023),2012-06,11.5,,
ESTAT:UNE_RT_M(1.0),02/12/25 11:00:00,Monthly,"Seasonally adjusted data, not calendar adjusted data",Total,Percentage of population in the labour force,Total,Euro area – 20 countries (from 2023),2012-07,11.6,,
ESTAT:UNE_RT_M(1.0),02/12/25 11:00:00,Monthly,"Seasonally adjusted data, not calendar adjusted data",Total,Percentage of population in the labour force,Total,Euro area – 20 countries (from 2023),2012-08,11.6,,
ESTAT:UNE_RT_M(1.0),02/12/25 11:00:00,Monthly,"Seasonally adjusted data, not calendar adjusted data",Total,Percentage of population in the labour force,Total,Euro area – 20 countries (from 2023),2012-09,11.7,,
ESTAT:UNE_RT_M(1.0),02/12/25 11:00:00,Monthly,"Seasonally adjusted data, not calendar adjusted data",Total,Percentage of population in the labour force,Total,Euro area – 20 countries (from 2023),2012-10,11.9,,
ESTAT:UNE_RT_M(1.0),02/12/25 11:00:00,Monthly,"Seasonally adjusted data, not calendar adjusted data",Total,Percentage of population in the labour force,Total,Euro area – 20 countries (from 2023),2012-11,12.0,,
ESTAT:UNE_RT_M(1.0),02/12/25 11:00:00,Monthly,"Seasonally adjusted data, not calendar adjusted data",Total,Percentage of population in the labour force,Total,Euro area – 20 countries (from 2023),2012-12,12.0,,
ESTAT:UNE_RT_M(1.0),02/12/25 11:00:00,Monthly,"Seasonally adjusted data, not calendar adjusted data",Total,Percentage of population in the labour force,Total,Euro area – 20 countries (from 2023),2013-01,12.2,,
ESTAT:UNE_RT_M(1.0),02/12/25 11:00:00,Monthly,"Seasonally adjusted data, not calendar adjusted data",Total,Percentage of population in the labour force,Total,Euro area – 20 countries (from 2023),2013-02,12.2,,
ESTAT:UNE_RT_M(1.0),02/12/25 11:00:00,Monthly,"Seasonally adjusted data, not calendar adjusted data",Total,Percentage of population in the labour force,Total,Euro area – 20 countries (from 2023),2013-03,12.2,,
ESTAT:UNE_RT_M(1.0),02/12/25 11:00:00,Monthly,"Seasonally adjusted data, not calendar adjusted data",Total,Percentage of population in the labour force,Total,Euro area – 20 countries (from 2023),2013-04,12.2,,
ESTAT:UNE_RT_M(1.0),02/12/25 11:00:00,Monthly,"Seasonally adjusted data, not calendar adjusted data",Total,Percentage of population in the labour force,Total,Euro area – 20 countries (from 2023),2013-05,12.2,,
ESTAT:UNE_RT_M(1.0),02/12/25 11:00:00,Monthly,"Seasonally adjusted data, not calendar adjusted data",Total,Percentage of population in the labour force,Total,Euro area – 20 countries (from 2023),2013-06,12.2,,
ESTAT:UNE_RT_M(1.0),02/12/25 11:00:00,Monthly,"Seasonally adjusted data, not calendar adjusted data",Total,Percentage of population in the labour force,Total,Euro area – 20 countries (from 2023),2013-07,12.1,,
ESTAT:UNE_RT_M(1.0),02/12/25 11:00:00,Monthly,"Seasonally adjusted data, not calendar adjusted data",Total,Percentage of population in the labour force,Total,Euro area – 20 countries (from 2023),2013-08,12.1,,
ESTAT:UNE_RT_M(1.0),02/12/25 11:00:00,Monthly,"Seasonally adjusted data, not calendar adjusted data",Total,Percentage of population in the labour force,Total,Euro area – 20 countries (from 2023),2013-09,12.1,,
ESTAT:UNE_RT_M(1.0),02/12/25 11:00:00,Monthly,"Seasonally adjusted data, not calendar adjusted data",Total,Percentage of population in the labour force,Total,Euro area – 20 countries (from 2023),2013-10,12.1,,
ESTAT:UNE_RT_M(1.0),02/12/25 11:00:00,Monthly,"Seasonally adjusted data, not calendar adjusted data",Total,Percentage of population in the labour force,Total,Euro area – 20 countries (from 2023),2013-11,12.1,,
ESTAT:UNE_RT_M(1.0),02/12/25 11:00:00,Monthly,"Seasonally adjusted data, not calendar adjusted data",Total,Percentage of population in the labour force,Total,Euro area – 20 countries (from 2023),2013-12,12.0,,
ESTAT:UNE_RT_M(1.0),02/12/25 11:00:00,Monthly,"Seasonally adjusted data, not calendar adjusted data",Total,Percentage of population in the labour force,Total,Euro area – 20 countries (from 2023),2014-01,12.0,,
ESTAT:UNE_RT_M(1.0),02/12/25 11:00:00,Monthly,"Seasonally adjusted data, not calendar adjusted data",Total,Percentage of population in the labour force,Total,Euro area – 20 countries (from 2023),2014-02,12.0,,
ESTAT:UNE_RT_M(1.0),02/12/25 11:00:00,Monthly,"Seasonally adjusted data, not calendar adjusted data",Total,Percentage of population in the labour force,Total,Euro area – 20 countries (from 2023),2014-03,11.9,,
ESTAT:UNE_RT_M(1.0),02/12/25 11:00:00,Monthly,"Seasonally adjusted data, not calendar adjusted data",Total,Percentage of population in the labour force,Total,Euro area – 20 countries (from 2023),2014-04,11.8,,
ESTAT:UNE_RT_M(1.0),02/12/25 11:00:00,Monthly,"Seasonally adjusted data, not calendar adjusted data",Total,Percentage of population in the labour force,Total,Euro area – 20 countries (from 2023),2014-05,11.8,,
ESTAT:UNE_RT_M(1.0),02/12/25 11:00:00,Monthly,"Seasonally adjusted data, not calendar adjusted data",Total,Percentage of population in the labour force,Total,Euro area – 20 countries (from 2023),2014-06,11.6,,
ESTAT:UNE_RT_M(1.0),02/12/25 11:00:00,Monthly,"Seasonally adjusted data, not calendar adjusted data",Total,Percentage of population in the labour force,Total,Euro area – 20 countries (from 2023),2014-07,11.7,,
ESTAT:UNE_RT_M(1.0),02/12/25 11:00:00,Monthly,"Seasonally adjusted data, not calendar adjusted data",Total,Percentage of population in the labour force,Total,Euro area – 20 countries (from 2023),2014-08,11.6,,
ESTAT:UNE_RT_M(1.0),02/12/25 11:00:00,Monthly,"Seasonally adjusted data, not calendar adjusted data",Total,Percentage of population in the labour force,Total,Euro area – 20 countries (from 2023),2014-09,11.6,,
ESTAT:UNE_RT_M(1.0),02/12/25 11:00:00,Monthly,"Seasonally adjusted data, not calendar adjusted data",Total,Percentage of population in the labour force,Total,Euro area – 20 countries (from 2023),2014-10,11.6,,
ESTAT:UNE_RT_M(1.0),02/12/25 11:00:00,Monthly,"Seasonally adjusted data, not calendar adjusted data",Total,Percentage of population in the labour force,Total,Euro area – 20 countries (from 2023),2014-11,11.6,,
ESTAT:UNE_RT_M(1.0),02/12/25 11:00:00,Monthly,"Seasonally adjusted data, not calendar adjusted data",Total,Percentage of population in the labour force,Total,Euro area – 20 countries (from 2023),2014-12,11.5,,
ESTAT:UNE_RT_M(1.0),02/12/25 11:00:00,Monthly,"Seasonally adjusted data, not calendar adjusted data",Total,Percentage of population in the labour force,Total,Euro area – 20 countries (from 2023),2015-01,11.4,,
ESTAT:UNE_RT_M(1.0),02/12/25 11:00:00,Monthly,"Seasonally adjusted data, not calendar adjusted data",Total,Percentage of population in the labour force,Total,Euro area – 20 countries (from 2023),2015-02,11.3,,
ESTAT:UNE_RT_M(1.0),02/12/25 11:00:00,Monthly,"Seasonally adjusted data, not calendar adjusted data",Total,Percentage of population in the labour force,Total,Euro area – 20 countries (from 2023),2015-03,11.3,,
ESTAT:UNE_RT_M(1.0),02/12/25 11:00:00,Monthly,"Seasonally adjusted data, not calendar adjusted data",Total,Percentage of population in the labour force,Total,Euro area – 20 countries (from 2023),2015-04,11.2,,
ESTAT:UNE_RT_M(1.0),02/12/25 11:00:00,Monthly,"Seasonally adjusted data, not calendar adjusted data",Total,Percentage of population in the labour force,Total,Euro area – 20 countries (from 2023),2015-05,11.2,,
ESTAT:UNE_RT_M(1.0),02/12/25 11:00:00,Monthly,"Seasonally adjusted data, not calendar adjusted data",Total,Percentage of population in the labour force,Total,Euro area – 20 countries (from 2023),2015-06,11.1,,
ESTAT:UNE_RT_M(1.0),02/12/25 11:00:00,Monthly,"Seasonally adjusted data, not calendar adjusted data",Total,Percentage of population in the labour force,Total,Euro area – 20 countries (from 2023),2015-07,10.8,,
ESTAT:UNE_RT_M(1.0),02/12/25 11:00:00,Monthly,"Seasonally adjusted data, not calendar adjusted data",Total,Percentage of population in the labour force,Total,Euro area – 20 countries (from 2023),2015-08,10.8,,
ESTAT:UNE_RT_M(1.0),02/12/25 11:00:00,Monthly,"Seasonally adjusted data, not calendar adjusted data",Total,Percentage of population in the labour force,Total,Euro area – 20 countries (from 2023),2015-09,10.7,,
ESTAT:UNE_RT_M(1.0),02/12/25 11:00:00,Monthly,"Seasonally adjusted data, not calendar adjusted data",Total,Percentage of population in the labour force,Total,Euro area – 20 countries (from 2023),2015-10,10.7,,
ESTAT:UNE_RT_M(1.0),02/12/25 11:00:00,Monthly,"Seasonally adjusted data, not calendar adjusted data",Total,Percentage of population in the labour force,Total,Euro area – 20 countries (from 2023),2015-11,10.6,,
ESTAT:UNE_RT_M(1.0),02/12/25 11:00:00,Monthly,"Seasonally adjusted data, not calendar adjusted data",Total,Percentage of population in the labour force,Total,Euro area – 20 countries (from 2023),2015-12,10.6,,
ESTAT:UNE_RT_M(1.0),02/12/25 11:00:00,Monthly,"Seasonally adjusted data, not calendar adjusted data",Total,Percentage of population in the labour force,Total,Euro area – 20 countries (from 2023),2016-01,10.5,,
ESTAT:UNE_RT_M(1.0),02/12/25 11:00:00,Monthly,"Seasonally adjusted data, not calendar adjusted data",Total,Percentage of population in the labour force,Total,Euro area – 20 countries (from 2023),2016-02,10.4,,
ESTAT:UNE_RT_M(1.0),02/12/25 11:00:00,Monthly,"Seasonally adjusted data, not calendar adjusted data",Total,Percentage of population in the labour force,Total,Euro area – 20 countries (from 2023),2016-03,10.4,,
ESTAT:UNE_RT_M(1.0),02/12/25 11:00:00,Monthly,"Seasonally adjusted data, not calendar adjusted data",Total,Percentage of population in the labour force,Total,Euro area – 20 countries (from 2023),2016-04,10.3,,
ESTAT:UNE_RT_M(1.0),02/12/25 11:00:00,Monthly,"Seasonally adjusted data, not calendar adjusted data",Total,Percentage of population in the labour force,Total,Euro area – 20 countries (from 2023),2016-05,10.2,,
ESTAT:UNE_RT_M(1.0),02/12/25 11:00:00,Monthly,"Seasonally adjusted data, not calendar adjusted data",Total,Percentage of population in the labour force,Total,Euro area – 20 countries (from 2023),2016-06,10.2,,
ESTAT:UNE_RT_M(1.0),02/12/25 11:00:00,Monthly,"Seasonally adjusted data, not calendar adjusted data",Total,Percentage of population in the labour force,Total,Euro area – 20 countries (from 2023),2016-07,10.0,,
ESTAT:UNE_RT_M(1.0),02/12/25 11:00:00,Monthly,"Seasonally adjusted data, not calendar adjusted data",Total,Percentage of population in the labour force,Total,Euro area – 20 countries (from 2023),2016-08,10.0,,
ESTAT:UNE_RT_M(1.0),02/12/25 11:00:00,Monthly,"Seasonally adjusted data, not calendar adjusted data",Total,Percentage of population in the labour force,Total,Euro area – 20 countries (from 2023),2016-09,9.9,,
ESTAT:UNE_RT_M(1.0),02/12/25 11:00:00,Monthly,"Seasonally adjusted data, not calendar adjusted data",Total,Percentage of population in the labour force,Total,Euro area – 20 countries (from 2023),2016-10,9.9,,
ESTAT:UNE_RT_M(1.0),02/12/25 11:00:00,Monthly,"Seasonally adjusted data, not calendar adjusted data",Total,Percentage of population in the labour force,Total,Euro area – 20 countries (from 2023),2016-11,9.9,,
ESTAT:UNE_RT_M(1.0),02/12/25 11:00:00,Monthly,"Seasonally adjusted data, not calendar adjusted data",Total,Percentage of population in the labour force,Total,Euro area – 20 countries (from 2023),2016-12,9.8,,
ESTAT:UNE_RT_M(1.0),02/12/25 11:00:00,Monthly,"Seasonally adjusted data, not calendar adjusted data",Total,Percentage of population in the labour force,Total,Euro area – 20 countries (from 2023),2017-01,9.6,,
ESTAT:UNE_RT_M(1.0),02/12/25 11:00:00,Monthly,"Seasonally adjusted data, not calendar adjusted data",Total,Percentage of population in the labour force,Total,Euro area – 20 countries (from 2023),2017-02,9.5,,
ESTAT:UNE_RT_M(1.0),02/12/25 11:00:00,Monthly,"Seasonally adjusted data, not calendar adjusted data",Total,Percentage of population in the labour force,Total,Euro area – 20 countries (from 2023),2017-03,9.5,,
ESTAT:UNE_RT_M(1.0),02/12/25 11:00:00,Monthly,"Seasonally adjusted data, not calendar adjusted data",Total,Percentage of population in the labour force,Total,Euro area – 20 countries (from 2023),2017-04,9.3,,
ESTAT:UNE_RT_M(1.0),02/12/25 11:00:00,Monthly,"Seasonally adjusted data, not calendar adjusted data",Total,Percentage of population in the labour force,Total,Euro area – 20 countries (from 2023),2017-05,9.3,,
ESTAT:UNE_RT_M(1.0),02/12/25 11:00:00,Monthly,"Seasonally adjusted data, not calendar adjusted data",Total,Percentage of population in the labour force,Total,Euro area – 20 countries (from 2023),2017-06,9.1,,
ESTAT:UNE_RT_M(1.0),02/12/25 11:00:00,Monthly,"Seasonally adjusted data, not calendar adjusted data",Total,Percentage of population in the labour force,Total,Euro area – 20 countries (from 2023),2017-07,9.1,,
ESTAT:UNE_RT_M(1.0),02/12/25 11:00:00,Monthly,"Seasonally adjusted data, not calendar adjusted data",Total,Percentage of population in the labour force,Total,Euro area – 20 countries (from 2023),2017-08,9.0,,
ESTAT:UNE_RT_M(1.0),02/12/25 11:00:00,Monthly,"Seasonally adjusted data, not calendar adjusted data",Total,Percentage of population in the labour force,Total,Euro area – 20 countries (from 2023),2017-09,8.9,,
ESTAT:UNE_RT_M(1.0),02/12/25 11:00:00,Monthly,"Seasonally adjusted data, not calendar adjusted data",Total,Percentage of population in the labour force,Total,Euro area – 20 countries (from 2023),2017-10,8.8,,
ESTAT:UNE_RT_M(1.0),02/12/25 11:00:00,Monthly,"Seasonally adjusted data, not calendar adjusted data",Total,Percentage of population in the labour force,Total,Euro area – 20 countries (from 2023),2017-11,8.8,,
ESTAT:UNE_RT_M(1.0),02/12/25 11:00:00,Monthly,"Seasonally adjusted data, not calendar adjusted data",Total,Percentage of population in the labour force,Total,Euro area – 20 countries (from 2023),2017-12,8.7,,
ESTAT:UNE_RT_M(1.0),02/12/25 11:00:00,Monthly,"Seasonally adjusted data, not calendar adjusted data",Total,Percentage of population in the labour force,Total,Euro area – 20 countries (from 2023),2018-01,8.7,,
ESTAT:UNE_RT_M(1.0),02/12/25 11:00:00,Monthly,"Seasonally adjusted data, not calendar adjusted data",Total,Percentage of population in the labour force,Total,Euro area – 20 countries (from 2023),2018-02,8.6,,
ESTAT:UNE_RT_M(1.0),02/12/25 11:00:00,Monthly,"Seasonally adjusted data, not calendar adjusted data",Total,Percentage of population in the labour force,Total,Euro area – 20 countries (from 2023),2018-03,8.5,,
ESTAT:UNE_RT_M(1.0),02/12/25 11:00:00,Monthly,"Seasonally adjusted data, not calendar adjusted data",Total,Percentage of population in the labour force,Total,Euro area – 20 countries (from 2023),2018-04,8.5,,
ESTAT:UNE_RT_M(1.0),02/12/25 11:00:00,Monthly,"Seasonally adjusted data, not calendar adjusted data",Total,Percentage of population in the labour force,Total,Euro area – 20 countries (from 2023),2018-05,8.3,,
ESTAT:UNE_RT_M(1.0),02/12/25 11:00:00,Monthly,"Seasonally adjusted data, not calendar adjusted data",Total,Percentage of population in the labour force,Total,Euro area – 20 countries (from 2023),2018-06,8.2,,
ESTAT:UNE_RT_M(1.0),02/12/25 11:00:00,Monthly,"Seasonally adjusted data, not calendar adjusted data",Total,Percentage of population in the labour force,Total,Euro area – 20 countries (from 2023),2018-07,8.1,,
ESTAT:UNE_RT_M(1.0),02/12/25 11:00:00,Monthly,"Seasonally adjusted data, not calendar adjusted data",Total,Percentage of population in the labour force,Total,Euro area – 20 countries (from 2023),2018-08,8.0,,
ESTAT:UNE_RT_M(1.0),02/12/25 11:00:00,Monthly,"Seasonally adjusted data, not calendar adjusted data",Total,Percentage of population in the labour force,Total,Euro area – 20 countries (from 2023),2018-09,8.0,,
ESTAT:UNE_RT_M(1.0),02/12/25 11:00:00,Monthly,"Seasonally adjusted data, not calendar adjusted data",Total,Percentage of population in the labour force,Total,Euro area – 20 countries (from 2023),2018-10,8.0,,
ESTAT:UNE_RT_M(1.0),02/12/25 11:00:00,Monthly,"Seasonally adjusted data, not calendar adjusted data",Total,Percentage of population in the labour force,Total,Euro area – 20 countries (from 2023),2018-11,7.9,,
ESTAT:UNE_RT_M(1.0),02/12/25 11:00:00,Monthly,"Seasonally adjusted data, not calendar adjusted data",Total,Percentage of population in the labour force,Total,Euro area – 20 countries (from 2023),2018-12,7.9,,
ESTAT:UNE_RT_M(1.0),02/12/25 11:00:00,Monthly,"Seasonally adjusted data, not calendar adjusted data",Total,Percentage of population in the labour force,Total,Euro area – 20 countries (from 2023),2019-01,7.9,,
ESTAT:UNE_RT_M(1.0),02/12/25 11:00:00,Monthly,"Seasonally adjusted data, not calendar adjusted data",Total,Percentage of population in the labour force,Total,Euro area – 20 countries (from 2023),2019-02,7.8,,
ESTAT:UNE_RT_M(1.0),02/12/25 11:00:00,Monthly,"Seasonally adjusted data, not calendar adjusted data",Total,Percentage of population in the labour force,Total,Euro area – 20 countries (from 2023),2019-03,7.7,,
ESTAT:UNE_RT_M(1.0),02/12/25 11:00:00,Monthly,"Seasonally adjusted data, not calendar adjusted data",Total,Percentage of population in the labour force,Total,Euro area – 20 countries (from 2023),2019-04,7.7,,
ESTAT:UNE_RT_M(1.0),02/12/25 11:00:00,Monthly,"Seasonally adjusted data, not calendar adjusted data",Total,Percentage of population in the labour force,Total,Euro area – 20 countries (from 2023),2019-05,7.6,,
ESTAT:UNE_RT_M(1.0),02/12/25 11:00:00,Monthly,"Seasonally adjusted data, not calendar adjusted data",Total,Percentage of population in the labour force,Total,Euro area – 20 countries (from 2023),2019-06,7.5,,
ESTAT:UNE_RT_M(1.0),02/12/25 11:00:00,Monthly,"Seasonally adjusted data, not calendar adjusted data",Total,Percentage of population in the labour force,Total,Euro area – 20 countries (from 2023),2019-07,7.5,,
ESTAT:UNE_RT_M(1.0),02/12/25 11:00:00,Monthly,"Seasonally adjusted data, not calendar adjusted data",Total,Percentage of population in the labour force,Total,Euro area – 20 countries (from 2023),2019-08,7.5,,
ESTAT:UNE_RT_M(1.0),02/12/25 11:00:00,Monthly,"Seasonally adjusted data, not calendar adjusted data",Total,Percentage of population in the labour force,Total,Euro area – 20 countries (from 2023),2019-09,7.5,,
ESTAT:UNE_RT_M(1.0),02/12/25 11:00:00,Monthly,"Seasonally adjusted data, not calendar adjusted data",Total,Percentage of population in the labour force,Total,Euro area – 20 countries (from 2023),2019-10,7.4,,
ESTAT:UNE_RT_M(1.0),02/12/25 11:00:00,Monthly,"Seasonally adjusted data, not calendar adjusted data",Total,Percentage of population in the labour force,Total,Euro area – 20 countries (from 2023),2019-11,7.5,,
ESTAT:UNE_RT_M(1.0),02/12/25 11:00:00,Monthly,"Seasonally adjusted data, not calendar adjusted data",Total,Percentage of population in the labour force,Total,Euro area – 20 countries (from 2023),2019-12,7.5,,
ESTAT:UNE_RT_M(1.0),02/12/25 11:00:00,Monthly,"Seasonally adjusted data, not calendar adjusted data",Total,Percentage of population in the labour force,Total,Euro area – 20 countries (from 2023),2020-01,7.5,,
ESTAT:UNE_RT_M(1.0),02/12/25 11:00:00,Monthly,"Seasonally adjusted data, not calendar adjusted data",Total,Percentage of population in the labour force,Total,Euro area – 20 countries (from 2023),2020-02,7.3,,
ESTAT:UNE_RT_M(1.0),02/12/25 11:00:00,Monthly,"Seasonally adjusted data, not calendar adjusted data",Total,Percentage of population in the labour force,Total,Euro area – 20 countries (from 2023),2020-03,7.2,,
ESTAT:UNE_RT_M(1.0),02/12/25 11:00:00,Monthly,"Seasonally adjusted data, not calendar adjusted data",Total,Percentage of population in the labour force,Total,Euro area – 20 countries (from 2023),2020-04,7.4,,
ESTAT:UNE_RT_M(1.0),02/12/25 11:00:00,Monthly,"Seasonally adjusted data, not calendar adjusted data",Total,Percentage of population in the labour force,Total,Euro area – 20 countries (from 2023),2020-05,7.7,,
ESTAT:UNE_RT_M(1.0),02/12/25 11:00:00,Monthly,"Seasonally adjusted data, not calendar adjusted data",Total,Percentage of population in the labour force,Total,Euro area – 20 countries (from 2023),2020-06,8.1,,
ESTAT:UNE_RT_M(1.0),02/12/25 11:00:00,Monthly,"Seasonally adjusted data, not calendar adjusted data",Total,Percentage of population in the labour force,Total,Euro area – 20 countries (from 2023),2020-07,8.5,,
ESTAT:UNE_RT_M(1.0),02/12/25 11:00:00,Monthly,"Seasonally adjusted data, not calendar adjusted data",Total,Percentage of population in the labour force,Total,Euro area – 20 countries (from 2023),2020-08,8.6,,
ESTAT:UNE_RT_M(1.0),02/12/25 11:00:00,Monthly,"Seasonally adjusted data, not calendar adjusted data",Total,Percentage of population in the labour force,Total,Euro area – 20 countries (from 2023),2020-09,8.6,,
ESTAT:UNE_RT_M(1.0),02/12/25 11:00:00,Monthly,"Seasonally adjusted data, not calendar adjusted data",Total,Percentage of population in the labour force,Total,Euro area – 20 countries (from 2023),2020-10,8.4,,
ESTAT:UNE_RT_M(1.0),02/12/25 11:00:00,Monthly,"Seasonally adjusted data, not calendar adjusted data",Total,Percentage of population in the labour force,Total,Euro area – 20 countries (from 2023),2020-11,8.2,,
ESTAT:UNE_RT_M(1.0),02/12/25 11:00:00,Monthly,"Seasonally adjusted data, not calendar adjusted data",Total,Percentage of population in the labour force,Total,Euro area – 20 countries (from 2023),2020-12,8.2,,
ESTAT:UNE_RT_M(1.0),02/12/25 11:00:00,Monthly,"Seasonally adjusted data, not calendar adjusted data",Total,Percentage of population in the labour force,Total,Euro area – 20 countries (from 2023),2021-01,8.3,,
ESTAT:UNE_RT_M(1.0),02/12/25 11:00:00,Monthly,"Seasonally adjusted data, not calendar adjusted data",Total,Percentage of population in the labour force,Total,Euro area – 20 countries (from 2023),2021-02,8.3,,
ESTAT:UNE_RT_M(1.0),02/12/25 11:00:00,Monthly,"Seasonally adjusted data, not calendar adjusted data",Total,Percentage of population in the labour force,Total,Euro area – 20 countries (from 2023),2021-03,8.2,,
ESTAT:UNE_RT_M(1.0),02/12/25 11:00:00,Monthly,"Seasonally adjusted data, not calendar adjusted data",Total,Percentage of population in the labour force,Total,Euro area – 20 countries (from 2023),2021-04,8.3,,
ESTAT:UNE_RT_M(1.0),02/12/25 11:00:00,Monthly,"Seasonally adjusted data, not calendar adjusted data",Total,Percentage of population in the labour force,Total,Euro area – 20 countries (from 2023),2021-05,8.1,,
ESTAT:UNE_RT_M(1.0),02/12/25 11:00:00,Monthly,"Seasonally adjusted data, not calendar adjusted data",Total,Percentage of population in the labour force,Total,Euro area – 20 countries (from 2023),2021-06,7.9,,
ESTAT:UNE_RT_M(1.0),02/12/25 11:00:00,Monthly,"Seasonally adjusted data, not calendar adjusted data",Total,Percentage of population in the labour force,Total,Euro area – 20 countries (from 2023),2021-07,7.7,,
ESTAT:UNE_RT_M(1.0),02/12/25 11:00:00,Monthly,"Seasonally adjusted data, not calendar adjusted data",Total,Percentage of population in the labour force,Total,Euro area – 20 countries (from 2023),2021-08,7.6,,
ESTAT:UNE_RT_M(1.0),02/12/25 11:00:00,Monthly,"Seasonally adjusted data, not calendar adjusted data",Total,Percentage of population in the labour force,Total,Euro area – 20 countries (from 2023),2021-09,7.4,,
ESTAT:UNE_RT_M(1.0),02/12/25 11:00:00,Monthly,"Seasonally adjusted data, not calendar adjusted data",Total,Percentage of population in the labour force,Total,Euro area – 20 countries (from 2023),2021-10,7.3,,
ESTAT:UNE_RT_M(1.0),02/12/25 11:00:00,Monthly,"Seasonally adjusted data, not calendar adjusted data",Total,Percentage of population in the labour force,Total,Euro area – 20 countries (from 2023),2021-11,7.2,,
ESTAT:UNE_RT_M(1.0),02/12/25 11:00:00,Monthly,"Seasonally adjusted data, not calendar adjusted data",Total,Percentage of population in the labour force,Total,Euro area – 20 countries (from 2023),2021-12,7.1,,
ESTAT:UNE_RT_M(1.0),02/12/25 11:00:00,Monthly,"Seasonally adjusted data, not calendar adjusted data",Total,Percentage of population in the labour force,Total,Euro area – 20 countries (from 2023),2022-01,7.0,,
ESTAT:UNE_RT_M(1.0),02/12/25 11:00:00,Monthly,"Seasonally adjusted data, not calendar adjusted data",Total,Percentage of population in the labour force,Total,Euro area – 20 countries (from 2023),2022-02,6.9,,
ESTAT:UNE_RT_M(1.0),02/12/25 11:00:00,Monthly,"Seasonally adjusted data, not calendar adjusted data",Total,Percentage of population in the labour force,Total,Euro area – 20 countries (from 2023),2022-03,6.9,,
ESTAT:UNE_RT_M(1.0),02/12/25 11:00:00,Monthly,"Seasonally adjusted data, not calendar adjusted data",Total,Percentage of population in the labour force,Total,Euro area – 20 countries (from 2023),2022-04,6.8,,
ESTAT:UNE_RT_M(1.0),02/12/25 11:00:00,Monthly,"Seasonally adjusted data, not calendar adjusted data",Total,Percentage of population in the labour force,Total,Euro area – 20 countries (from 2023),2022-05,6.8,,
ESTAT:UNE_RT_M(1.0),02/12/25 11:00:00,Monthly,"Seasonally adjusted data, not calendar adjusted data",Total,Percentage of population in the labour force,Total,Euro area – 20 countries (from 2023),2022-06,6.8,,
ESTAT:UNE_RT_M(1.0),02/12/25 11:00:00,Monthly,"Seasonally adjusted data, not calendar adjusted data",Total,Percentage of population in the labour force,Total,Euro area – 20 countries (from 2023),2022-07,6.7,,
ESTAT:UNE_RT_M(1.0),02/12/25 11:00:00,Monthly,"Seasonally adjusted data, not calendar adjusted data",Total,Percentage of population in the labour force,Total,Euro area – 20 countries (from 2023),2022-08,6.8,,
ESTAT:UNE_RT_M(1.0),02/12/25 11:00:00,Monthly,"Seasonally adjusted data, not calendar adjusted data",Total,Percentage of population in the labour force,Total,Euro area – 20 countries (from 2023),2022-09,6.7,,
ESTAT:UNE_RT_M(1.0),02/12/25 11:00:00,Monthly,"Seasonally adjusted data, not calendar adjusted data",Total,Percentage of population in the labour force,Total,Euro area – 20 countries (from 2023),2022-10,6.7,,
ESTAT:UNE_RT_M(1.0),02/12/25 11:00:00,Monthly,"Seasonally adjusted data, not calendar adjusted data",Total,Percentage of population in the labour force,Total,Euro area – 20 countries (from 2023),2022-11,6.7,,
ESTAT:UNE_RT_M(1.0),02/12/25 11:00:00,Monthly,"Seasonally adjusted data, not calendar adjusted data",Total,Percentage of population in the labour force,Total,Euro area – 20 countries (from 2023),2022-12,6.7,,
ESTAT:UNE_RT_M(1.0),02/12/25 11:00:00,Monthly,"Seasonally adjusted data, not calendar adjusted data",Total,Percentage of population in the labour force,Total,Euro area – 20 countries (from 2023),2023-01,6.7,,
ESTAT:UNE_RT_M(1.0),02/12/25 11:00:00,Monthly,"Seasonally adjusted data, not calendar adjusted data",Total,Percentage of population in the labour force,Total,Euro area – 20 countries (from 2023),2023-02,6.6,,
ESTAT:UNE_RT_M(1.0),02/12/25 11:00:00,Monthly,"Seasonally adjusted data, not calendar adjusted data",Total,Percentage of population in the labour force,Total,Euro area – 20 countries (from 2023),2023-03,6.6,,
ESTAT:UNE_RT_M(1.0),02/12/25 11:00:00,Monthly,"Seasonally adjusted data, not calendar adjusted data",Total,Percentage of population in the labour force,Total,Euro area – 20 countries (from 2023),2023-04,6.5,,
ESTAT:UNE_RT_M(1.0),02/12/25 11:00:00,Monthly,"Seasonally adjusted data, not calendar adjusted data",Total,Percentage of population in the labour force,Total,Euro area – 20 countries (from 2023),2023-05,6.5,,
ESTAT:UNE_RT_M(1.0),02/12/25 11:00:00,Monthly,"Seasonally adjusted data, not calendar adjusted data",Total,Percentage of population in the labour force,Total,Euro area – 20 countries (from 2023),2023-06,6.5,,
ESTAT:UNE_RT_M(1.0),02/12/25 11:00:00,Monthly,"Seasonally adjusted data, not calendar adjusted data",Total,Percentage of population in the labour force,Total,Euro area – 20 countries (from 2023),2023-07,6.6,,
ESTAT:UNE_RT_M(1.0),02/12/25 11:00:00,Monthly,"Seasonally adjusted data, not calendar adjusted data",Total,Percentage of population in the labour force,Total,Euro area – 20 countries (from 2023),2023-08,6.6,,
ESTAT:UNE_RT_M(1.0),02/12/25 11:00:00,Monthly,"Seasonally adjusted data, not calendar adjusted data",Total,Percentage of population in the labour force,Total,Euro area – 20 countries (from 2023),2023-09,6.6,,
ESTAT:UNE_RT_M(1.0),02/12/25 11:00:00,Monthly,"Seasonally adjusted data, not calendar adjusted data",Total,Percentage of population in the labour force,Total,Euro area – 20 countries (from 2023),2023-10,6.6,,
ESTAT:UNE_RT_M(1.0),02/12/25 11:00:00,Monthly,"Seasonally adjusted data, not calendar adjusted data",Total,Percentage of population in the labour force,Total,Euro area – 20 countries (from 2023),2023-11,6.6,,
ESTAT:UNE_RT_M(1.0),02/12/25 11:00:00,Monthly,"Seasonally adjusted data, not calendar adjusted data",Total,Percentage of population in the labour force,Total,Euro area – 20 countries (from 2023),2023-12,6.5,,
ESTAT:UNE_RT_M(1.0),02/12/25 11:00:00,Monthly,"Seasonally adjusted data, not calendar adjusted data",Total,Percentage of population in the labour force,Total,Euro area – 20 countries (from 2023),2024-01,6.6,,
ESTAT:UNE_RT_M(1.0),02/12/25 11:00:00,Monthly,"Seasonally adjusted data, not calendar adjusted data",Total,Percentage of population in the labour force,Total,Euro area – 20 countries (from 2023),2024-02,6.6,,
ESTAT:UNE_RT_M(1.0),02/12/25 11:00:00,Monthly,"Seasonally adjusted data, not calendar adjusted data",Total,Percentage of population in the labour force,Total,Euro area – 20 countries (from 2023),2024-03,6.5,,
ESTAT:UNE_RT_M(1.0),02/12/25 11:00:00,Monthly,"Seasonally adjusted data, not calendar adjusted data",Total,Percentage of population in the labour force,Total,Euro area – 20 countries (from 2023),2024-04,6.4,,
ESTAT:UNE_RT_M(1.0),02/12/25 11:00:00,Monthly,"Seasonally adjusted data, not calendar adjusted data",Total,Percentage of population in the labour force,Total,Euro area – 20 countries (from 2023),2024-05,6.4,,
ESTAT:UNE_RT_M(1.0),02/12/25 11:00:00,Monthly,"Seasonally adjusted data, not calendar adjusted data",Total,Percentage of population in the labour force,Total,Euro area – 20 countries (from 2023),2024-06,6.4,,
ESTAT:UNE_RT_M(1.0),02/12/25 11:00:00,Monthly,"Seasonally adjusted data, not calendar adjusted data",Total,Percentage of population in the labour force,Total,Euro area – 20 countries (from 2023),2024-07,6.4,,
ESTAT:UNE_RT_M(1.0),02/12/25 11:00:00,Monthly,"Seasonally adjusted data, not calendar adjusted data",Total,Percentage of population in the labour force,Total,Euro area – 20 countries (from 2023),2024-08,6.3,,
ESTAT:UNE_RT_M(1.0),02/12/25 11:00:00,Monthly,"Seasonally adjusted data, not calendar adjusted data",Total,Percentage of population in the labour force,Total,Euro area – 20 countries (from 2023),2024-09,6.3,,
ESTAT:UNE_RT_M(1.0),02/12/25 11:00:00,Monthly,"Seasonally adjusted data, not calendar adjusted data",Total,Percentage of population in the labour force,Total,Euro area – 20 countries (from 2023),2024-10,6.3,,
ESTAT:UNE_RT_M(1.0),02/12/25 11:00:00,Monthly,"Seasonally adjusted data, not calendar adjusted data",Total,Percentage of population in the labour force,Total,Euro area – 20 countries (from 2023),2024-11,6.2,,
ESTAT:UNE_RT_M(1.0),02/12/25 11:00:00,Monthly,"Seasonally adjusted data, not calendar adjusted data",Total,Percentage of population in the labour force,Total,Euro area – 20 countries (from 2023),2024-12,6.3,,
ESTAT:UNE_RT_M(1.0),02/12/25 11:00:00,Monthly,"Seasonally adjusted data, not calendar adjusted data",Total,Percentage of population in the labour force,Total,Euro area – 20 countries (from 2023),2025-01,6.3,,
ESTAT:UNE_RT_M(1.0),02/12/25 11:00:00,Monthly,"Seasonally adjusted data, not calendar adjusted data",Total,Percentage of population in the labour force,Total,Euro area – 20 countries (from 2023),2025-02,6.3,,
ESTAT:UNE_RT_M(1.0),02/12/25 11:00:00,Monthly,"Seasonally adjusted data, not calendar adjusted data",Total,Percentage of population in the labour force,Total,Euro area – 20 countries (from 2023),2025-03,6.4,,
ESTAT:UNE_RT_M(1.0),02/12/25 11:00:00,Monthly,"Seasonally adjusted data, not calendar adjusted data",Total,Percentage of population in the labour force,Total,Euro area – 20 countries (from 2023),2025-04,6.3,,
ESTAT:UNE_RT_M(1.0),02/12/25 11:00:00,Monthly,"Seasonally adjusted data, not calendar adjusted data",Total,Percentage of population in the labour force,Total,Euro area – 20 countries (from 2023),2025-05,6.4,,
ESTAT:UNE_RT_M(1.0),02/12/25 11:00:00,Monthly,"Seasonally adjusted data, not calendar adjusted data",Total,Percentage of population in the labour force,Total,Euro area – 20 countries (from 2023),2025-06,6.4,,
ESTAT:UNE_RT_M(1.0),02/12/25 11:00:00,Monthly,"Seasonally adjusted data, not calendar adjusted data",Total,Percentage of population in the labour force,Total,Euro area – 20 countries (from 2023),2025-07,6.4,,
ESTAT:UNE_RT_M(1.0),02/12/25 11:00:00,Monthly,"Seasonally adjusted data, not calendar adjusted data",Total,Percentage of population in the labour force,Total,Euro area – 20 countries (from 2023),2025-08,6.4,,
ESTAT:UNE_RT_M(1.0),02/12/25 11:00:00,Monthly,"Seasonally adjusted data, not calendar adjusted data",Total,Percentage of population in the labour force,Total,Euro area – 20 countries (from 2023),2025-09,6.4,,
ESTAT:UNE_RT_M(1.0),02/12/25 11:00:00,Monthly,"Seasonally adjusted data, not calendar adjusted data",Total,Percentage of population in the labour force,Total,Euro area – 20 countries (from 2023),2025-10,6.4,,
